id,user_id,image_name,image_data,date
1,1,test,...,"2020-12-11 15:44:45"
2,1,test,...,"2020-12-11 15:44:45"
3,1,test,...,"2020-12-11 15:44:45"
4,1,test,...,"2020-12-11 15:44:45"
5,1,test,...,"2020-12-11 15:44:45"
6,1,test,...,"2020-12-11 15:44:45"
7,1,test,...,"2020-12-11 15:44:45"
8,1,test,...,"2020-12-11 15:44:46"
9,1,test,...,"2020-12-11 15:44:46"
10,1,test,...,"2020-12-11 15:44:46"
11,1,test,...,"2020-12-11 15:44:46"
12,1,test,...,"2020-12-11 15:44:46"
13,1,test,...,"2020-12-11 15:44:46"
14,1,test,...,"2020-12-11 15:44:46"
15,1,test,...,"2020-12-11 15:44:46"
16,1,test,...,"2020-12-11 15:44:46"
17,1,test,...,"2020-12-11 15:44:46"
18,1,test,...,"2020-12-11 15:44:46"
